{
  "credit": "Made with Blockbench",
  "parent": "builtin/entity",
  "display": {
    "thirdperson_righthand": {
      "rotation": [
        -138.98,
        27.41,
        -162.63
      ],
      "translation": [
        0,
        -0.75,
        -1.5
      ],
      "scale": [
        0.11390624999999999,
        0.11390624999999999,
        0.11390624999999999
      ]
    },
    "thirdperson_lefthand": {
      "rotation": [
        -138.98,
        27.41,
        -162.63
      ],
      "translation": [
        0,
        -0.75,
        -1.5
      ],
      "scale": [
        0.11390624999999999,
        0.11390624999999999,
        0.11390624999999999
      ]
    },
    "firstperson_righthand": {
      "rotation": [
        4.25,
        69.87,
        9.37
      ],
      "translation": [
        4.5,
        -3.25,
        -1.5
      ],
      "scale": [
        0.1803125,
        0.236953125,
        0.217421875
      ]
    },
    "firstperson_lefthand": {
      "rotation": [
        4.25,
        69.87,
        9.37
      ],
      "translation": [
        4.5,
        -3.25,
        -1.5
      ],
      "scale": [
        0.1803125,
        0.236953125,
        0.217421875
      ]
    },
    "ground": {
      "rotation": [
        90,
        0,
        0
      ],
      "translation": [
        0,
        0.25,
        0
      ],
      "scale": [
        0.123046875,
        0.123046875,
        0.123046875
      ]
    },
    "gui": {
      "rotation": [
        23,
        180,
        0
      ],
      "translation": [
        0,
        -6.25,
        0
      ],
      "scale": [
        0.251953125,
        0.251953125,
        0.251953125
      ]
    },
    "head": {
      "translation": [
        0,
        0,
        1.75
      ],
      "scale": [
        0.38671875,
        0.37890625,
        0.642578125
      ]
    },
    "fixed": {
      "translation": [
        0,
        -16.75,
        -1.75
      ],
      "scale": [
        0.6640625,
        0.6640625,
        0.251953125
      ]
    }
  },
  "textures": {
    "particle": "block/old_shelf_brown"
  }
}