{
  "credit": "Made with Blockbench",
  "texture_size": [
    32,
    32
  ],
  "display": {
    "thirdperson_righthand": {
      "rotation": [
        69,
        0,
        0
      ],
      "translation": [
        0,
        0,
        -1.75
      ],
      "scale": [
        0.26953125,
        0.26953125,
        0.26953125
      ]
    },
    "thirdperson_lefthand": {
      "rotation": [
        69,
        0,
        0
      ],
      "translation": [
        0,
        0,
        -1.75
      ],
      "scale": [
        0.26953125,
        0.26953125,
        0.26953125
      ]
    },
    "firstperson_righthand": {
      "rotation": [
        10.25,
        0,
        0
      ],
      "translation": [
        4.25,
        -1.75,
        -2.25
      ],
      "scale": [
        0.341796875,
        0.341796875,
        0.341796875
      ]
    },
    "firstperson_lefthand": {
      "rotation": [
        10.25,
        0,
        0
      ],
      "translation": [
        4.25,
        -1.75,
        -2.25
      ],
      "scale": [
        0.341796875,
        0.341796875,
        0.341796875
      ]
    },
    "ground": {
      "translation": [
        0,
        -1.5,
        0
      ],
      "scale": [
        0.298828125,
        0.298828125,
        0.298828125
      ]
    },
    "gui": {
      "translation": [
        0,
        -7.75,
        0
      ],
      "scale": [
        0.96484375,
        0.96484375,
        0.96484375
      ]
    },
    "fixed": {
      "translation": [
        0,
        -12.25,
        2.75
      ],
      "scale": [
        1.529296875,
        1.529296875,
        0.4140625
      ]
    }
  },
  "textures": {
    "particle": "item/vert-wood-planks_birch"
  }
}